Frutas,Pera,700,1,TUCUMAN,2018
Frutas,Pera,700,1,TUCUMAN,2018
Frutas,Pera,700,1,TUCUMAN,2018
Frutas,Pera,700,1,TUCUMAN,2018
Frutas,Pera,700,1,TUCUMAN,2018
Frutas,Pera,700,1,TUCUMAN,2018
Frutas,Pera,700,1,TUCUMAN,2018
Frutas,Pera,700,1,TUCUMAN,2018
Frutas,Pera,700,1,TUCUMAN,2018
Frutas,Pera,700,1,TUCUMAN,2018
Frutas,Pera,700,1,TUCUMAN,2018
Frutas,Pera,700,1,TUCUMAN,2018
Frutas,Pera,700,1,TUCUMAN,2018
Frutas,Pera,700,1,TUCUMAN,2018
Frutas,Pera,700,1,TUCUMAN,2018
Frutas,Pera,700,1,TUCUMAN,2018
Frutas,Pera,700,1,TUCUMAN,2018
Frutas,Pera,700,1,TUCUMAN,2018
Frutas,Pera,700,1,TUCUMAN,2018
Frutas,Pera,700,1,TUCUMAN,2018
Frutas,Pera,700,1,TUCUMAN,2018
Frutas,Pera,700,1,TUCUMAN,2018
Frutas,Pera,700,1,TUCUMAN,2018
Frutas,Pera,700,1,TUCUMAN,2018
Frutas,Pera,700,1,TUCUMAN,2018
Frutas,Pera,700,1,TUCUMAN,2018
Frutas,Pera,700,1,TUCUMAN,2018
Frutas,Pera,700,1,TUCUMAN,2018
Frutas,Pera,700,1,TUCUMAN,2018
Frutas,Pera,700,1,TUCUMAN,2018
Frutas,Pera,700,1,TUCUMAN,2018
Frutas,Pera,700,1,TUCUMAN,2018
Frutas,Pera,700,1,TUCUMAN,2018
Frutas,Pera,700,1,TUCUMAN,2018
Frutas,Pera,700,1,TUCUMAN,2018
Frutas,Pera,700,1,TUCUMAN,2018
Frutas,Pera,700,1,TUCUMAN,2018
Frutas,Pera,700,1,TUCUMAN,2018
Frutas,Pera,700,1,TUCUMAN,2018
Frutas,Pera,700,1,TUCUMAN,2018
Frutas,Pera,700,1,TUCUMAN,2018
Frutas,Pera,700,1,TUCUMAN,2018
Frutas,Pera,700,1,TUCUMAN,2018
Frutas,Pera,700,1,TUCUMAN,2018
Frutas,Pera,700,1,TUCUMAN,2018
Frutas,Pera,700,1,TUCUMAN,2018
Frutas,Pera,700,1,TUCUMAN,2018
Frutas,Pera,700,1,TUCUMAN,2018
Frutas,Sandia,700,1,TUCUMAN,2018
Frutas,Sandia,700,1,TUCUMAN,2018
Frutas,Sandia,700,1,TUCUMAN,2018
Frutas,Sandia,700,1,TUCUMAN,2018
Frutas,Sandia,700,1,TUCUMAN,2018
Frutas,Sandia,700,1,TUCUMAN,2018
Frutas,Sandia,700,1,TUCUMAN,2018
Frutas,Sandia,700,1,TUCUMAN,2018
Frutas,Sandia,700,1,TUCUMAN,2018
Frutas,Sandia,700,1,TUCUMAN,2018
Frutas,Sandia,700,1,TUCUMAN,2018
Frutas,Sandia,700,1,TUCUMAN,2018
Frutas,Sandia,700,1,TUCUMAN,2018
Frutas,Sandia,700,1,TUCUMAN,2018
Frutas,Sandia,700,1,TUCUMAN,2018
Frutas,Sandia,700,1,TUCUMAN,2018
Frutas,Sandia,700,1,TUCUMAN,2018
Frutas,Sandia,700,1,TUCUMAN,2018
Frutas,Sandia,700,1,TUCUMAN,2018
Frutas,Sandia,700,1,TUCUMAN,2018
Frutas,Sandia,700,1,TUCUMAN,2018
Frutas,Sandia,700,1,TUCUMAN,2018
Frutas,Sandia,700,1,TUCUMAN,2018
Frutas,Sandia,700,1,TUCUMAN,2018
Frutas,Sandia,700,1,TUCUMAN,2018
Frutas,Sandia,700,1,TUCUMAN,2018
Frutas,Sandia,700,1,TUCUMAN,2018
Frutas,Sandia,700,1,TUCUMAN,2018
Frutas,Sandia,700,1,TUCUMAN,2018
Frutas,Sandia,700,1,TUCUMAN,2018
Frutas,Sandia,700,1,TUCUMAN,2018
Frutas,Sandia,700,1,TUCUMAN,2018
Frutas,Sandia,700,1,TUCUMAN,2018
Frutas,Sandia,700,1,TUCUMAN,2018
Frutas,Sandia,700,1,TUCUMAN,2018
Frutas,Sandia,700,1,TUCUMAN,2018
Frutas,Sandia,700,1,TUCUMAN,2018
Frutas,Sandia,700,1,TUCUMAN,2018
Frutas,Sandia,700,1,TUCUMAN,2018
Frutas,Sandia,700,1,TUCUMAN,2018
Frutas,Sandia,700,1,TUCUMAN,2018
Frutas,Sandia,700,1,TUCUMAN,2018
Frutas,Sandia,700,1,TUCUMAN,2018
Frutas,Sandia,700,1,TUCUMAN,2018
Frutas,Sandia,700,1,TUCUMAN,2018
Frutas,Sandia,700,1,TUCUMAN,2018
Frutas,Sandia,700,1,TUCUMAN,2018
Frutas,Sandia,700,1,TUCUMAN,2018
Frutas,Cereza,700,1,TUCUMAN,2018
Frutas,Cereza,700,1,TUCUMAN,2018
Frutas,Cereza,700,1,TUCUMAN,2018
Frutas,Cereza,700,1,TUCUMAN,2018
Frutas,Cereza,700,1,TUCUMAN,2018
Frutas,Cereza,700,1,TUCUMAN,2018
Frutas,Cereza,700,1,TUCUMAN,2018
Frutas,Cereza,700,1,TUCUMAN,2018
Frutas,Cereza,700,1,TUCUMAN,2018
Frutas,Cereza,700,1,TUCUMAN,2018
Frutas,Cereza,700,1,TUCUMAN,2018
Frutas,Cereza,700,1,TUCUMAN,2018
Frutas,Cereza,700,1,TUCUMAN,2018
Frutas,Cereza,700,1,TUCUMAN,2018
Frutas,Cereza,700,1,TUCUMAN,2018
Frutas,Cereza,700,1,TUCUMAN,2018
Frutas,Cereza,700,1,TUCUMAN,2018
Frutas,Cereza,700,1,TUCUMAN,2018
Frutas,Cereza,700,1,TUCUMAN,2018
Frutas,Cereza,700,1,TUCUMAN,2018
Frutas,Cereza,700,1,TUCUMAN,2018
Frutas,Cereza,700,1,TUCUMAN,2018
Frutas,Cereza,700,1,TUCUMAN,2018
Frutas,Cereza,700,1,TUCUMAN,2018
Frutas,Cereza,700,1,TUCUMAN,2018
Frutas,Cereza,700,1,TUCUMAN,2018
Frutas,Cereza,700,1,TUCUMAN,2018
Frutas,Cereza,700,1,TUCUMAN,2018
Frutas,Cereza,700,1,TUCUMAN,2018
Frutas,Cereza,700,1,TUCUMAN,2018
Frutas,Cereza,700,1,TUCUMAN,2018
Frutas,Cereza,700,1,TUCUMAN,2018
Frutas,Cereza,700,1,TUCUMAN,2018
Frutas,Cereza,700,1,TUCUMAN,2018
Frutas,Cereza,700,1,TUCUMAN,2018
Frutas,Cereza,700,1,TUCUMAN,2018
Frutas,Cereza,700,1,TUCUMAN,2018
Frutas,Cereza,700,1,TUCUMAN,2018
Frutas,Cereza,700,1,TUCUMAN,2018
Frutas,Cereza,700,1,TUCUMAN,2018
Frutas,Cereza,700,1,TUCUMAN,2018
Frutas,Cereza,700,1,TUCUMAN,2018
Frutas,Cereza,700,1,TUCUMAN,2018
Frutas,Cereza,700,1,TUCUMAN,2018
Frutas,Cereza,700,1,TUCUMAN,2018
Frutas,Cereza,700,1,TUCUMAN,2018
Frutas,Cereza,700,1,TUCUMAN,2018
Frutas,Cereza,700,1,TUCUMAN,2018
Verduras,Lechuga,700,1,TUCUMAN,2018
Verduras,Lechuga,700,1,TUCUMAN,2018
Verduras,Lechuga,700,1,TUCUMAN,2018
Verduras,Lechuga,700,1,TUCUMAN,2018
Verduras,Lechuga,700,1,TUCUMAN,2018
Verduras,Lechuga,700,1,TUCUMAN,2018
Verduras,Lechuga,700,1,TUCUMAN,2018
Verduras,Lechuga,700,1,TUCUMAN,2018
Verduras,Lechuga,700,1,TUCUMAN,2018
Verduras,Lechuga,700,1,TUCUMAN,2018
Verduras,Lechuga,700,1,TUCUMAN,2018
Verduras,Lechuga,700,1,TUCUMAN,2018
Verduras,Lechuga,700,1,TUCUMAN,2018
Verduras,Lechuga,700,1,TUCUMAN,2018
Verduras,Lechuga,700,1,TUCUMAN,2018
Verduras,Lechuga,700,1,TUCUMAN,2018
Verduras,Lechuga,700,1,TUCUMAN,2018
Verduras,Lechuga,700,1,TUCUMAN,2018
Verduras,Lechuga,700,1,TUCUMAN,2018
Verduras,Lechuga,700,1,TUCUMAN,2018
Verduras,Lechuga,700,1,TUCUMAN,2018
Verduras,Lechuga,700,1,TUCUMAN,2018
Verduras,Lechuga,700,1,TUCUMAN,2018
Verduras,Lechuga,700,1,TUCUMAN,2018
Verduras,Lechuga,700,1,TUCUMAN,2018
Verduras,Lechuga,700,1,TUCUMAN,2018
Verduras,Lechuga,700,1,TUCUMAN,2018
Verduras,Lechuga,700,1,TUCUMAN,2018
Verduras,Lechuga,700,1,TUCUMAN,2018
Verduras,Lechuga,700,1,TUCUMAN,2018
Verduras,Lechuga,700,1,TUCUMAN,2018
Verduras,Lechuga,700,1,TUCUMAN,2018
Verduras,Lechuga,700,1,TUCUMAN,2018
Verduras,Lechuga,700,1,TUCUMAN,2018
Verduras,Lechuga,700,1,TUCUMAN,2018
Verduras,Lechuga,700,1,TUCUMAN,2018
Verduras,Lechuga,700,1,TUCUMAN,2018
Verduras,Lechuga,700,1,TUCUMAN,2018
Verduras,Lechuga,700,1,TUCUMAN,2018
Verduras,Lechuga,700,1,TUCUMAN,2018
Verduras,Lechuga,700,1,TUCUMAN,2018
Verduras,Lechuga,700,1,TUCUMAN,2018
Verduras,Lechuga,700,1,TUCUMAN,2018
Verduras,Lechuga,700,1,TUCUMAN,2018
Verduras,Lechuga,700,1,TUCUMAN,2018
Verduras,Lechuga,700,1,TUCUMAN,2018
Verduras,Lechuga,700,1,TUCUMAN,2018
Verduras,Zanahoria,700,1,TUCUMAN,2018
Verduras,Zanahoria,700,1,TUCUMAN,2018
Verduras,Zanahoria,700,1,TUCUMAN,2018
Verduras,Zanahoria,700,1,TUCUMAN,2018
Verduras,Zanahoria,700,1,TUCUMAN,2018
Verduras,Zanahoria,700,1,TUCUMAN,2018
Verduras,Zanahoria,700,1,TUCUMAN,2018
Verduras,Zanahoria,700,1,TUCUMAN,2018
Verduras,Zanahoria,700,1,TUCUMAN,2018
Verduras,Zanahoria,700,1,TUCUMAN,2018
Verduras,Zanahoria,700,1,TUCUMAN,2018
Verduras,Zanahoria,700,1,TUCUMAN,2018
Verduras,Zanahoria,700,1,TUCUMAN,2018
Verduras,Zanahoria,700,1,TUCUMAN,2018
Verduras,Zanahoria,700,1,TUCUMAN,2018
Verduras,Zanahoria,700,1,TUCUMAN,2018
Verduras,Zanahoria,700,1,TUCUMAN,2018
Verduras,Zanahoria,700,1,TUCUMAN,2018
Verduras,Zanahoria,700,1,TUCUMAN,2018
Verduras,Zanahoria,700,1,TUCUMAN,2018
Verduras,Zanahoria,700,1,TUCUMAN,2018
Verduras,Zanahoria,700,1,TUCUMAN,2018
Verduras,Zanahoria,700,1,TUCUMAN,2018
Verduras,Zanahoria,700,1,TUCUMAN,2018
Verduras,Zanahoria,700,1,TUCUMAN,2018
Verduras,Zanahoria,700,1,TUCUMAN,2018
Verduras,Zanahoria,700,1,TUCUMAN,2018
Verduras,Zanahoria,700,1,TUCUMAN,2018
Verduras,Zanahoria,700,1,TUCUMAN,2018
Verduras,Zanahoria,700,1,TUCUMAN,2018
Verduras,Zanahoria,700,1,TUCUMAN,2018
Verduras,Zanahoria,700,1,TUCUMAN,2018
Verduras,Zanahoria,700,1,TUCUMAN,2018
Verduras,Zanahoria,700,1,TUCUMAN,2018
Verduras,Zanahoria,700,1,TUCUMAN,2018
Verduras,Zanahoria,700,1,TUCUMAN,2018
Verduras,Zanahoria,700,1,TUCUMAN,2018
Verduras,Zanahoria,700,1,TUCUMAN,2018
Verduras,Zanahoria,700,1,TUCUMAN,2018
Verduras,Zanahoria,700,1,TUCUMAN,2018
Verduras,Zanahoria,700,1,TUCUMAN,2018
Frutas,Pera,700,4,TUCUMAN,2018
Frutas,Pera,700,4,TUCUMAN,2018
Frutas,Pera,700,4,TUCUMAN,2018
Frutas,Pera,700,4,TUCUMAN,2018
Frutas,Pera,700,4,TUCUMAN,2018
Frutas,Pera,700,4,TUCUMAN,2018
Frutas,Pera,700,4,TUCUMAN,2018
Frutas,Pera,700,4,TUCUMAN,2018
Frutas,Pera,700,4,TUCUMAN,2018
Frutas,Pera,700,4,TUCUMAN,2018
Frutas,Pera,700,4,TUCUMAN,2018
Frutas,Pera,700,4,TUCUMAN,2018
Frutas,Pera,700,4,TUCUMAN,2018
Frutas,Pera,700,4,TUCUMAN,2018
Frutas,Pera,700,4,TUCUMAN,2018
Frutas,Pera,700,4,TUCUMAN,2018
Frutas,Pera,700,4,TUCUMAN,2018
Frutas,Pera,700,4,TUCUMAN,2018
Frutas,Pera,700,4,TUCUMAN,2018
Frutas,Pera,700,4,TUCUMAN,2018
Frutas,Pera,700,4,TUCUMAN,2018
Frutas,Pera,700,4,TUCUMAN,2018
Frutas,Pera,700,4,TUCUMAN,2018
Frutas,Pera,700,4,TUCUMAN,2018
Frutas,Pera,700,4,TUCUMAN,2018
Frutas,Pera,700,4,TUCUMAN,2018
Frutas,Pera,700,4,TUCUMAN,2018
Frutas,Pera,700,4,TUCUMAN,2018
Frutas,Pera,700,4,TUCUMAN,2018
Frutas,Pera,700,4,TUCUMAN,2018
Frutas,Pera,700,4,TUCUMAN,2018
Frutas,Pera,700,4,TUCUMAN,2018
Frutas,Pera,700,4,TUCUMAN,2018
Frutas,Pera,700,4,TUCUMAN,2018
Frutas,Pera,700,4,TUCUMAN,2018
Frutas,Pera,700,4,TUCUMAN,2018
Frutas,Pera,700,4,TUCUMAN,2018
Frutas,Pera,700,4,TUCUMAN,2018
Frutas,Pera,700,4,TUCUMAN,2018
Frutas,Pera,700,4,TUCUMAN,2018
Frutas,Pera,700,4,TUCUMAN,2018
Frutas,Pera,700,4,TUCUMAN,2018
Frutas,Pera,700,4,TUCUMAN,2018
Frutas,Pera,700,4,TUCUMAN,2018
Frutas,Pera,700,4,TUCUMAN,2018
Frutas,Pera,700,4,TUCUMAN,2018
Frutas,Pera,700,4,TUCUMAN,2018
Frutas,Pera,700,4,TUCUMAN,2018
Frutas,Sandia,700,4,TUCUMAN,2018
Frutas,Sandia,700,4,TUCUMAN,2018
Frutas,Sandia,700,4,TUCUMAN,2018
Frutas,Sandia,700,4,TUCUMAN,2018
Frutas,Sandia,700,4,TUCUMAN,2018
Frutas,Sandia,700,4,TUCUMAN,2018
Frutas,Sandia,700,4,TUCUMAN,2018
Frutas,Sandia,700,4,TUCUMAN,2018
Frutas,Sandia,700,4,TUCUMAN,2018
Frutas,Sandia,700,4,TUCUMAN,2018
Frutas,Sandia,700,4,TUCUMAN,2018
Frutas,Sandia,700,4,TUCUMAN,2018
Frutas,Sandia,700,4,TUCUMAN,2018
Frutas,Sandia,700,4,TUCUMAN,2018
Frutas,Sandia,700,4,TUCUMAN,2018
Frutas,Sandia,700,4,TUCUMAN,2018
Frutas,Sandia,700,4,TUCUMAN,2018
Frutas,Sandia,700,4,TUCUMAN,2018
Frutas,Sandia,700,4,TUCUMAN,2018
Frutas,Sandia,700,4,TUCUMAN,2018
Frutas,Sandia,700,4,TUCUMAN,2018
Frutas,Sandia,700,4,TUCUMAN,2018
Frutas,Sandia,700,4,TUCUMAN,2018
Frutas,Sandia,700,4,TUCUMAN,2018
Frutas,Sandia,700,4,TUCUMAN,2018
Frutas,Sandia,700,4,TUCUMAN,2018
Frutas,Sandia,700,4,TUCUMAN,2018
Frutas,Sandia,700,4,TUCUMAN,2018
Frutas,Sandia,700,4,TUCUMAN,2018
Frutas,Sandia,700,4,TUCUMAN,2018
Frutas,Sandia,700,4,TUCUMAN,2018
Frutas,Sandia,700,4,TUCUMAN,2018
Frutas,Sandia,700,4,TUCUMAN,2018
Frutas,Sandia,700,4,TUCUMAN,2018
Frutas,Sandia,700,4,TUCUMAN,2018
Frutas,Sandia,700,4,TUCUMAN,2018
Frutas,Sandia,700,4,TUCUMAN,2018
Frutas,Sandia,700,4,TUCUMAN,2018
Frutas,Sandia,700,4,TUCUMAN,2018
Frutas,Sandia,700,4,TUCUMAN,2018
Frutas,Sandia,700,4,TUCUMAN,2018
Frutas,Sandia,700,4,TUCUMAN,2018
Frutas,Sandia,700,4,TUCUMAN,2018
Frutas,Sandia,700,4,TUCUMAN,2018
Frutas,Sandia,700,4,TUCUMAN,2018
Frutas,Sandia,700,4,TUCUMAN,2018
Frutas,Sandia,700,4,TUCUMAN,2018
Frutas,Sandia,700,4,TUCUMAN,2018
Frutas,Cereza,700,4,TUCUMAN,2018
Frutas,Cereza,700,4,TUCUMAN,2018
Frutas,Cereza,700,4,TUCUMAN,2018
Frutas,Cereza,700,4,TUCUMAN,2018
Frutas,Cereza,700,4,TUCUMAN,2018
Frutas,Cereza,700,4,TUCUMAN,2018
Frutas,Cereza,700,4,TUCUMAN,2018
Frutas,Cereza,700,4,TUCUMAN,2018
Frutas,Cereza,700,4,TUCUMAN,2018
Frutas,Cereza,700,4,TUCUMAN,2018
Frutas,Cereza,700,4,TUCUMAN,2018
Frutas,Cereza,700,4,TUCUMAN,2018
Frutas,Cereza,700,4,TUCUMAN,2018
Frutas,Cereza,700,4,TUCUMAN,2018
Frutas,Cereza,700,4,TUCUMAN,2018
Frutas,Cereza,700,4,TUCUMAN,2018
Frutas,Cereza,700,4,TUCUMAN,2018
Frutas,Cereza,700,4,TUCUMAN,2018
Frutas,Cereza,700,4,TUCUMAN,2018
Frutas,Cereza,700,4,TUCUMAN,2018
Frutas,Cereza,700,4,TUCUMAN,2018
Frutas,Cereza,700,4,TUCUMAN,2018
Frutas,Cereza,700,4,TUCUMAN,2018
Frutas,Cereza,700,4,TUCUMAN,2018
Frutas,Cereza,700,4,TUCUMAN,2018
Frutas,Cereza,700,4,TUCUMAN,2018
Frutas,Cereza,700,4,TUCUMAN,2018
Frutas,Cereza,700,4,TUCUMAN,2018
Frutas,Cereza,700,4,TUCUMAN,2018
Frutas,Cereza,700,4,TUCUMAN,2018
Frutas,Cereza,700,4,TUCUMAN,2018
Frutas,Cereza,700,4,TUCUMAN,2018
Frutas,Cereza,700,4,TUCUMAN,2018
Frutas,Cereza,700,4,TUCUMAN,2018
Frutas,Cereza,700,4,TUCUMAN,2018
Frutas,Cereza,700,4,TUCUMAN,2018
Frutas,Cereza,700,4,TUCUMAN,2018
Frutas,Cereza,700,4,TUCUMAN,2018
Frutas,Cereza,700,4,TUCUMAN,2018
Frutas,Cereza,700,4,TUCUMAN,2018
Frutas,Cereza,700,4,TUCUMAN,2018
Frutas,Cereza,700,4,TUCUMAN,2018
Frutas,Cereza,700,4,TUCUMAN,2018
Frutas,Cereza,700,4,TUCUMAN,2018
Frutas,Cereza,700,4,TUCUMAN,2018
Frutas,Cereza,700,4,TUCUMAN,2018
Frutas,Cereza,700,4,TUCUMAN,2018
Frutas,Cereza,700,4,TUCUMAN,2018
Verduras,Lechuga,700,4,TUCUMAN,2018
Verduras,Lechuga,700,4,TUCUMAN,2018
Verduras,Lechuga,700,4,TUCUMAN,2018
Verduras,Lechuga,700,4,TUCUMAN,2018
Verduras,Lechuga,700,4,TUCUMAN,2018
Verduras,Lechuga,700,4,TUCUMAN,2018
Verduras,Lechuga,700,4,TUCUMAN,2018
Verduras,Lechuga,700,4,TUCUMAN,2018
Verduras,Lechuga,700,4,TUCUMAN,2018
Verduras,Lechuga,700,4,TUCUMAN,2018
Verduras,Lechuga,700,4,TUCUMAN,2018
Verduras,Lechuga,700,4,TUCUMAN,2018
Verduras,Lechuga,700,4,TUCUMAN,2018
Verduras,Lechuga,700,4,TUCUMAN,2018
Verduras,Lechuga,700,4,TUCUMAN,2018
Verduras,Lechuga,700,4,TUCUMAN,2018
Verduras,Lechuga,700,4,TUCUMAN,2018
Verduras,Lechuga,700,4,TUCUMAN,2018
Verduras,Lechuga,700,4,TUCUMAN,2018
Verduras,Lechuga,700,4,TUCUMAN,2018
Verduras,Lechuga,700,4,TUCUMAN,2018
Verduras,Lechuga,700,4,TUCUMAN,2018
Verduras,Lechuga,700,4,TUCUMAN,2018
Verduras,Lechuga,700,4,TUCUMAN,2018
Verduras,Lechuga,700,4,TUCUMAN,2018
Verduras,Lechuga,700,4,TUCUMAN,2018
Verduras,Lechuga,700,4,TUCUMAN,2018
Verduras,Lechuga,700,4,TUCUMAN,2018
Verduras,Lechuga,700,4,TUCUMAN,2018
Verduras,Lechuga,700,4,TUCUMAN,2018
Verduras,Lechuga,700,4,TUCUMAN,2018
Verduras,Lechuga,700,4,TUCUMAN,2018
Verduras,Lechuga,700,4,TUCUMAN,2018
Verduras,Lechuga,700,4,TUCUMAN,2018
Verduras,Lechuga,700,4,TUCUMAN,2018
Verduras,Lechuga,700,4,TUCUMAN,2018
Verduras,Lechuga,700,4,TUCUMAN,2018
Verduras,Lechuga,700,4,TUCUMAN,2018
Verduras,Lechuga,700,4,TUCUMAN,2018
Verduras,Lechuga,700,4,TUCUMAN,2018
Verduras,Lechuga,700,4,TUCUMAN,2018
Verduras,Lechuga,700,4,TUCUMAN,2018
Verduras,Lechuga,700,4,TUCUMAN,2018
Verduras,Lechuga,700,4,TUCUMAN,2018
Verduras,Lechuga,700,4,TUCUMAN,2018
Verduras,Lechuga,700,4,TUCUMAN,2018
Verduras,Lechuga,700,4,TUCUMAN,2018
Verduras,Lechuga,700,4,TUCUMAN,2018
Verduras,Zanahoria,700,4,TUCUMAN,2018
Verduras,Zanahoria,700,4,TUCUMAN,2018
Verduras,Zanahoria,700,4,TUCUMAN,2018
Verduras,Zanahoria,700,4,TUCUMAN,2018
Verduras,Zanahoria,700,4,TUCUMAN,2018
Verduras,Zanahoria,700,4,TUCUMAN,2018
Verduras,Zanahoria,700,4,TUCUMAN,2018
Verduras,Zanahoria,700,4,TUCUMAN,2018
Verduras,Zanahoria,700,4,TUCUMAN,2018
Verduras,Zanahoria,700,4,TUCUMAN,2018
Verduras,Zanahoria,700,4,TUCUMAN,2018
Verduras,Zanahoria,700,4,TUCUMAN,2018
Verduras,Zanahoria,700,4,TUCUMAN,2018
Verduras,Zanahoria,700,4,TUCUMAN,2018
Verduras,Zanahoria,700,4,TUCUMAN,2018
Verduras,Zanahoria,700,4,TUCUMAN,2018
Verduras,Zanahoria,700,4,TUCUMAN,2018
Verduras,Zanahoria,700,4,TUCUMAN,2018
Verduras,Zanahoria,700,4,TUCUMAN,2018
Verduras,Zanahoria,700,4,TUCUMAN,2018
Verduras,Zanahoria,700,4,TUCUMAN,2018
Verduras,Zanahoria,700,4,TUCUMAN,2018
Verduras,Zanahoria,700,4,TUCUMAN,2018
Verduras,Zanahoria,700,4,TUCUMAN,2018
Verduras,Zanahoria,700,4,TUCUMAN,2018
Verduras,Zanahoria,700,4,TUCUMAN,2018
Verduras,Zanahoria,700,4,TUCUMAN,2018
Verduras,Zanahoria,700,4,TUCUMAN,2018
Verduras,Zanahoria,700,4,TUCUMAN,2018
Verduras,Zanahoria,700,4,TUCUMAN,2018
Verduras,Zanahoria,700,4,TUCUMAN,2018
Verduras,Zanahoria,700,4,TUCUMAN,2018
Verduras,Zanahoria,700,4,TUCUMAN,2018
Verduras,Zanahoria,700,4,TUCUMAN,2018
Verduras,Zanahoria,700,4,TUCUMAN,2018
Verduras,Zanahoria,700,4,TUCUMAN,2018
Verduras,Zanahoria,700,4,TUCUMAN,2018
Verduras,Zanahoria,700,4,TUCUMAN,2018
Verduras,Zanahoria,700,4,TUCUMAN,2018
Verduras,Zanahoria,700,4,TUCUMAN,2018
Verduras,Zanahoria,700,4,TUCUMAN,2018
Frutas,ARANDANO,700,4,TUCUMAN,2018
Frutas,ARANDANO,700,4,TUCUMAN,2018
Frutas,ARANDANO,700,4,TUCUMAN,2018
Frutas,ARANDANO,700,4,TUCUMAN,2018
Frutas,ARANDANO,700,4,TUCUMAN,2018
Frutas,ARANDANO,700,4,TUCUMAN,2018
Frutas,ARANDANO,700,4,TUCUMAN,2018
Frutas,ARANDANO,700,4,TUCUMAN,2018
Frutas,ARANDANO,700,4,TUCUMAN,2018
Frutas,ARANDANO,700,4,TUCUMAN,2018
Frutas,ARANDANO,700,4,TUCUMAN,2018
Frutas,ARANDANO,700,4,TUCUMAN,2018
Frutas,ARANDANO,700,4,TUCUMAN,2018
Frutas,ARANDANO,700,4,TUCUMAN,2018
Frutas,ARANDANO,700,4,TUCUMAN,2018
Frutas,ARANDANO,700,4,TUCUMAN,2018
Frutas,ARANDANO,700,4,TUCUMAN,2018
Frutas,ARANDANO,700,4,TUCUMAN,2018
Frutas,ARANDANO,700,4,TUCUMAN,2018
Frutas,ARANDANO,700,4,TUCUMAN,2018
Frutas,ARANDANO,700,4,TUCUMAN,2018
Frutas,ARANDANO,700,4,TUCUMAN,2018
Frutas,ARANDANO,700,4,TUCUMAN,2018
Frutas,ARANDANO,700,4,TUCUMAN,2018
Frutas,ARANDANO,700,4,TUCUMAN,2018
Frutas,ARANDANO,700,4,TUCUMAN,2018
Frutas,ARANDANO,700,4,TUCUMAN,2018
Frutas,ARANDANO,700,4,TUCUMAN,2018
Frutas,ARANDANO,700,4,TUCUMAN,2018
Frutas,ARANDANO,700,4,TUCUMAN,2018
Frutas,ARANDANO,700,4,TUCUMAN,2018
Frutas,ARANDANO,700,4,TUCUMAN,2018
Frutas,ARANDANO,700,4,TUCUMAN,2018
Frutas,ARANDANO,700,4,TUCUMAN,2018
Frutas,ARANDANO,700,4,TUCUMAN,2018
Frutas,ARANDANO,700,4,TUCUMAN,2018
Frutas,ARANDANO,700,4,TUCUMAN,2018
Frutas,ARANDANO,700,4,TUCUMAN,2018
Frutas,ARANDANO,700,4,TUCUMAN,2018
Frutas,ARANDANO,700,4,TUCUMAN,2018
Frutas,ARANDANO,700,4,TUCUMAN,2018
Frutas,ARANDANO,700,4,TUCUMAN,2018
Frutas,ARANDANO,700,4,TUCUMAN,2018
Frutas,ARANDANO,700,4,TUCUMAN,2018
Frutas,ARANDANO,700,4,TUCUMAN,2018
Frutas,ARANDANO,700,4,TUCUMAN,2018
Frutas,ARANDANO,700,4,TUCUMAN,2018
Frutas,ARANDANO,700,4,TUCUMAN,2018
Frutas,ARANDANO,700,4,TUCUMAN,2018
Frutas,ARANDANO,700,4,TUCUMAN,2018
Frutas,ARANDANO,700,4,TUCUMAN,2018
Frutas,ARANDANO,700,4,TUCUMAN,2018
Frutas,ARANDANO,700,4,TUCUMAN,2018
Frutas,ARANDANO,700,4,TUCUMAN,2018
Frutas,ARANDANO,700,4,TUCUMAN,2018
Frutas,ARANDANO,700,4,TUCUMAN,2018
Frutas,ARANDANO,700,4,TUCUMAN,2018
Frutas,ARANDANO,700,4,TUCUMAN,2018
Frutas,ARANDANO,700,4,TUCUMAN,2018
Frutas,ARANDANO,700,4,TUCUMAN,2018
Frutas,ARANDANO,700,4,TUCUMAN,2018
Frutas,ARANDANO,700,4,TUCUMAN,2018
Frutas,ARANDANO,700,4,TUCUMAN,2018
Frutas,ARANDANO,700,4,TUCUMAN,2018
Frutas,ARANDANO,700,4,TUCUMAN,2018
Frutas,ARANDANO,700,4,TUCUMAN,2018
Frutas,ARANDANO,700,4,TUCUMAN,2018
Frutas,ARANDANO,700,4,TUCUMAN,2018
Frutas,ARANDANO,700,4,TUCUMAN,2018
Frutas,ARANDANO,700,4,TUCUMAN,2018
Frutas,Pera,700,7,TUCUMAN,2018
Frutas,Pera,700,7,TUCUMAN,2018
Frutas,Pera,700,7,TUCUMAN,2018
Frutas,Pera,700,7,TUCUMAN,2018
Frutas,Pera,700,7,TUCUMAN,2018
Frutas,Pera,700,7,TUCUMAN,2018
Frutas,Pera,700,7,TUCUMAN,2018
Frutas,Pera,700,7,TUCUMAN,2018
Frutas,Pera,700,7,TUCUMAN,2018
Frutas,Pera,700,7,TUCUMAN,2018
Frutas,Pera,700,7,TUCUMAN,2018
Frutas,Pera,700,7,TUCUMAN,2018
Frutas,Pera,700,7,TUCUMAN,2018
Frutas,Pera,700,7,TUCUMAN,2018
Frutas,Pera,700,7,TUCUMAN,2018
Frutas,Pera,700,7,TUCUMAN,2018
Frutas,Pera,700,7,TUCUMAN,2018
Frutas,Pera,700,7,TUCUMAN,2018
Frutas,Pera,700,7,TUCUMAN,2018
Frutas,Pera,700,7,TUCUMAN,2018
Frutas,Pera,700,7,TUCUMAN,2018
Frutas,Pera,700,7,TUCUMAN,2018
Frutas,Pera,700,7,TUCUMAN,2018
Frutas,Pera,700,7,TUCUMAN,2018
Frutas,Pera,700,7,TUCUMAN,2018
Frutas,Pera,700,7,TUCUMAN,2018
Frutas,Pera,700,7,TUCUMAN,2018
Frutas,Pera,700,7,TUCUMAN,2018
Frutas,Pera,700,7,TUCUMAN,2018
Frutas,Pera,700,7,TUCUMAN,2018
Frutas,Pera,700,7,TUCUMAN,2018
Frutas,Pera,700,7,TUCUMAN,2018
Frutas,Pera,700,7,TUCUMAN,2018
Frutas,Pera,700,7,TUCUMAN,2018
Frutas,Pera,700,7,TUCUMAN,2018
Frutas,Pera,700,7,TUCUMAN,2018
Frutas,Pera,700,7,TUCUMAN,2018
Frutas,Pera,700,7,TUCUMAN,2018
Frutas,Pera,700,7,TUCUMAN,2018
Frutas,Pera,700,7,TUCUMAN,2018
Frutas,Pera,700,7,TUCUMAN,2018
Frutas,Pera,700,7,TUCUMAN,2018
Frutas,Pera,700,7,TUCUMAN,2018
Frutas,Pera,700,7,TUCUMAN,2018
Frutas,Pera,700,7,TUCUMAN,2018
Frutas,Pera,700,7,TUCUMAN,2018
Frutas,Pera,700,7,TUCUMAN,2018
Frutas,Pera,700,7,TUCUMAN,2018
Frutas,Sandia,700,7,TUCUMAN,2018
Frutas,Sandia,700,7,TUCUMAN,2018
Frutas,Sandia,700,7,TUCUMAN,2018
Frutas,Sandia,700,7,TUCUMAN,2018
Frutas,Sandia,700,7,TUCUMAN,2018
Frutas,Sandia,700,7,TUCUMAN,2018
Frutas,Sandia,700,7,TUCUMAN,2018
Frutas,Sandia,700,7,TUCUMAN,2018
Frutas,Sandia,700,7,TUCUMAN,2018
Frutas,Sandia,700,7,TUCUMAN,2018
Frutas,Sandia,700,7,TUCUMAN,2018
Frutas,Sandia,700,7,TUCUMAN,2018
Frutas,Sandia,700,7,TUCUMAN,2018
Frutas,Sandia,700,7,TUCUMAN,2018
Frutas,Sandia,700,7,TUCUMAN,2018
Frutas,Sandia,700,7,TUCUMAN,2018
Frutas,Sandia,700,7,TUCUMAN,2018
Frutas,Sandia,700,7,TUCUMAN,2018
Frutas,Sandia,700,7,TUCUMAN,2018
Frutas,Sandia,700,7,TUCUMAN,2018
Frutas,Sandia,700,7,TUCUMAN,2018
Frutas,Sandia,700,7,TUCUMAN,2018
Frutas,Sandia,700,7,TUCUMAN,2018
Frutas,Sandia,700,7,TUCUMAN,2018
Frutas,Sandia,700,7,TUCUMAN,2018
Frutas,Sandia,700,7,TUCUMAN,2018
Frutas,Sandia,700,7,TUCUMAN,2018
Frutas,Sandia,700,7,TUCUMAN,2018
Frutas,Sandia,700,7,TUCUMAN,2018
Frutas,Sandia,700,7,TUCUMAN,2018
Frutas,Sandia,700,7,TUCUMAN,2018
Frutas,Sandia,700,7,TUCUMAN,2018
Frutas,Sandia,700,7,TUCUMAN,2018
Frutas,Sandia,700,7,TUCUMAN,2018
Frutas,Sandia,700,7,TUCUMAN,2018
Frutas,Sandia,700,7,TUCUMAN,2018
Frutas,Sandia,700,7,TUCUMAN,2018
Frutas,Sandia,700,7,TUCUMAN,2018
Frutas,Sandia,700,7,TUCUMAN,2018
Frutas,Sandia,700,7,TUCUMAN,2018
Frutas,Sandia,700,7,TUCUMAN,2018
Frutas,Sandia,700,7,TUCUMAN,2018
Frutas,Sandia,700,7,TUCUMAN,2018
Frutas,Sandia,700,7,TUCUMAN,2018
Frutas,Sandia,700,7,TUCUMAN,2018
Frutas,Sandia,700,7,TUCUMAN,2018
Frutas,Sandia,700,7,TUCUMAN,2018
Frutas,Sandia,700,7,TUCUMAN,2018
Frutas,Cereza,700,7,TUCUMAN,2018
Frutas,Cereza,700,7,TUCUMAN,2018
Frutas,Cereza,700,7,TUCUMAN,2018
Frutas,Cereza,700,7,TUCUMAN,2018
Frutas,Cereza,700,7,TUCUMAN,2018
Frutas,Cereza,700,7,TUCUMAN,2018
Frutas,Cereza,700,7,TUCUMAN,2018
Frutas,Cereza,700,7,TUCUMAN,2018
Frutas,Cereza,700,7,TUCUMAN,2018
Frutas,Cereza,700,7,TUCUMAN,2018
Frutas,Cereza,700,7,TUCUMAN,2018
Frutas,Cereza,700,7,TUCUMAN,2018
Frutas,Cereza,700,7,TUCUMAN,2018
Frutas,Cereza,700,7,TUCUMAN,2018
Frutas,Cereza,700,7,TUCUMAN,2018
Frutas,Cereza,700,7,TUCUMAN,2018
Frutas,Cereza,700,7,TUCUMAN,2018
Frutas,Cereza,700,7,TUCUMAN,2018
Frutas,Cereza,700,7,TUCUMAN,2018
Frutas,Cereza,700,7,TUCUMAN,2018
Frutas,Cereza,700,7,TUCUMAN,2018
Frutas,Cereza,700,7,TUCUMAN,2018
Frutas,Cereza,700,7,TUCUMAN,2018
Frutas,Cereza,700,7,TUCUMAN,2018
Frutas,Cereza,700,7,TUCUMAN,2018
Frutas,Cereza,700,7,TUCUMAN,2018
Frutas,Cereza,700,7,TUCUMAN,2018
Frutas,Cereza,700,7,TUCUMAN,2018
Frutas,Cereza,700,7,TUCUMAN,2018
Frutas,Cereza,700,7,TUCUMAN,2018
Frutas,Cereza,700,7,TUCUMAN,2018
Frutas,Cereza,700,7,TUCUMAN,2018
Frutas,Cereza,700,7,TUCUMAN,2018
Frutas,Cereza,700,7,TUCUMAN,2018
Frutas,Cereza,700,7,TUCUMAN,2018
Frutas,Cereza,700,7,TUCUMAN,2018
Frutas,Cereza,700,7,TUCUMAN,2018
Frutas,Cereza,700,7,TUCUMAN,2018
Frutas,Cereza,700,7,TUCUMAN,2018
Frutas,Cereza,700,7,TUCUMAN,2018
Frutas,Cereza,700,7,TUCUMAN,2018
Frutas,Cereza,700,7,TUCUMAN,2018
Frutas,Cereza,700,7,TUCUMAN,2018
Frutas,Cereza,700,7,TUCUMAN,2018
Frutas,Cereza,700,7,TUCUMAN,2018
Frutas,Cereza,700,7,TUCUMAN,2018
Frutas,Cereza,700,7,TUCUMAN,2018
Frutas,Cereza,700,7,TUCUMAN,2018
Verduras,Lechuga,700,7,TUCUMAN,2018
Verduras,Lechuga,700,7,TUCUMAN,2018
Verduras,Lechuga,700,7,TUCUMAN,2018
Verduras,Lechuga,700,7,TUCUMAN,2018
Verduras,Lechuga,700,7,TUCUMAN,2018
Verduras,Lechuga,700,7,TUCUMAN,2018
Verduras,Lechuga,700,7,TUCUMAN,2018
Verduras,Lechuga,700,7,TUCUMAN,2018
Verduras,Lechuga,700,7,TUCUMAN,2018
Verduras,Lechuga,700,7,TUCUMAN,2018
Verduras,Lechuga,700,7,TUCUMAN,2018
Verduras,Lechuga,700,7,TUCUMAN,2018
Verduras,Lechuga,700,7,TUCUMAN,2018
Verduras,Lechuga,700,7,TUCUMAN,2018
Verduras,Lechuga,700,7,TUCUMAN,2018
Verduras,Lechuga,700,7,TUCUMAN,2018
Verduras,Lechuga,700,7,TUCUMAN,2018
Verduras,Lechuga,700,7,TUCUMAN,2018
Verduras,Lechuga,700,7,TUCUMAN,2018
Verduras,Lechuga,700,7,TUCUMAN,2018
Verduras,Lechuga,700,7,TUCUMAN,2018
Verduras,Lechuga,700,7,TUCUMAN,2018
Verduras,Lechuga,700,7,TUCUMAN,2018
Verduras,Lechuga,700,7,TUCUMAN,2018
Verduras,Lechuga,700,7,TUCUMAN,2018
Verduras,Lechuga,700,7,TUCUMAN,2018
Verduras,Lechuga,700,7,TUCUMAN,2018
Verduras,Lechuga,700,7,TUCUMAN,2018
Verduras,Lechuga,700,7,TUCUMAN,2018
Verduras,Lechuga,700,7,TUCUMAN,2018
Verduras,Lechuga,700,7,TUCUMAN,2018
Verduras,Lechuga,700,7,TUCUMAN,2018
Verduras,Lechuga,700,7,TUCUMAN,2018
Verduras,Lechuga,700,7,TUCUMAN,2018
Verduras,Lechuga,700,7,TUCUMAN,2018
Verduras,Lechuga,700,7,TUCUMAN,2018
Verduras,Lechuga,700,7,TUCUMAN,2018
Verduras,Lechuga,700,7,TUCUMAN,2018
Verduras,Lechuga,700,7,TUCUMAN,2018
Verduras,Lechuga,700,7,TUCUMAN,2018
Verduras,Lechuga,700,7,TUCUMAN,2018
Verduras,Lechuga,700,7,TUCUMAN,2018
Verduras,Lechuga,700,7,TUCUMAN,2018
Verduras,Lechuga,700,7,TUCUMAN,2018
Verduras,Lechuga,700,7,TUCUMAN,2018
Verduras,Lechuga,700,7,TUCUMAN,2018
Verduras,Lechuga,700,7,TUCUMAN,2018
Verduras,Lechuga,700,7,TUCUMAN,2018
Verduras,Zanahoria,700,7,TUCUMAN,2018
Verduras,Zanahoria,700,7,TUCUMAN,2018
Verduras,Zanahoria,700,7,TUCUMAN,2018
Verduras,Zanahoria,700,7,TUCUMAN,2018
Verduras,Zanahoria,700,7,TUCUMAN,2018
Verduras,Zanahoria,700,7,TUCUMAN,2018
Verduras,Zanahoria,700,7,TUCUMAN,2018
Verduras,Zanahoria,700,7,TUCUMAN,2018
Verduras,Zanahoria,700,7,TUCUMAN,2018
Verduras,Zanahoria,700,7,TUCUMAN,2018
Verduras,Zanahoria,700,7,TUCUMAN,2018
Verduras,Zanahoria,700,7,TUCUMAN,2018
Verduras,Zanahoria,700,7,TUCUMAN,2018
Verduras,Zanahoria,700,7,TUCUMAN,2018
Verduras,Zanahoria,700,7,TUCUMAN,2018
Verduras,Zanahoria,700,7,TUCUMAN,2018
Verduras,Zanahoria,700,7,TUCUMAN,2018
Verduras,Zanahoria,700,7,TUCUMAN,2018
Verduras,Zanahoria,700,7,TUCUMAN,2018
Verduras,Zanahoria,700,7,TUCUMAN,2018
Verduras,Zanahoria,700,7,TUCUMAN,2018
Verduras,Zanahoria,700,7,TUCUMAN,2018
Verduras,Zanahoria,700,7,TUCUMAN,2018
Verduras,Zanahoria,700,7,TUCUMAN,2018
Verduras,Zanahoria,700,7,TUCUMAN,2018
Verduras,Zanahoria,700,7,TUCUMAN,2018
Verduras,Zanahoria,700,7,TUCUMAN,2018
Verduras,Zanahoria,700,7,TUCUMAN,2018
Verduras,Zanahoria,700,7,TUCUMAN,2018
Verduras,Zanahoria,700,7,TUCUMAN,2018
Verduras,Zanahoria,700,7,TUCUMAN,2018
Verduras,Zanahoria,700,7,TUCUMAN,2018
Verduras,Zanahoria,700,7,TUCUMAN,2018
Verduras,Zanahoria,700,7,TUCUMAN,2018
Verduras,Zanahoria,700,7,TUCUMAN,2018
Verduras,Zanahoria,700,7,TUCUMAN,2018
Verduras,Zanahoria,700,7,TUCUMAN,2018
Verduras,Zanahoria,700,7,TUCUMAN,2018
Verduras,Zanahoria,700,7,TUCUMAN,2018
Verduras,Zanahoria,700,7,TUCUMAN,2018
Verduras,Zanahoria,700,7,TUCUMAN,2018
Frutas,Pera,700,10,TUCUMAN,2018
Frutas,Pera,700,10,TUCUMAN,2018
Frutas,Pera,700,10,TUCUMAN,2018
Frutas,Pera,700,10,TUCUMAN,2018
Frutas,Pera,700,10,TUCUMAN,2018
Frutas,Pera,700,10,TUCUMAN,2018
Frutas,Pera,700,10,TUCUMAN,2018
Frutas,Pera,700,10,TUCUMAN,2018
Frutas,Pera,700,10,TUCUMAN,2018
Frutas,Pera,700,10,TUCUMAN,2018
Frutas,Pera,700,10,TUCUMAN,2018
Frutas,Pera,700,10,TUCUMAN,2018
Frutas,Pera,700,10,TUCUMAN,2018
Frutas,Pera,700,10,TUCUMAN,2018
Frutas,Pera,700,10,TUCUMAN,2018
Frutas,Pera,700,10,TUCUMAN,2018
Frutas,Pera,700,10,TUCUMAN,2018
Frutas,Pera,700,10,TUCUMAN,2018
Frutas,Pera,700,10,TUCUMAN,2018
Frutas,Pera,700,10,TUCUMAN,2018
Frutas,Pera,700,10,TUCUMAN,2018
Frutas,Pera,700,10,TUCUMAN,2018
Frutas,Pera,700,10,TUCUMAN,2018
Frutas,Pera,700,10,TUCUMAN,2018
Frutas,Pera,700,10,TUCUMAN,2018
Frutas,Pera,700,10,TUCUMAN,2018
Frutas,Pera,700,10,TUCUMAN,2018
Frutas,Pera,700,10,TUCUMAN,2018
Frutas,Pera,700,10,TUCUMAN,2018
Frutas,Pera,700,10,TUCUMAN,2018
Frutas,Pera,700,10,TUCUMAN,2018
Frutas,Pera,700,10,TUCUMAN,2018
Frutas,Pera,700,10,TUCUMAN,2018
Frutas,Pera,700,10,TUCUMAN,2018
Frutas,Pera,700,10,TUCUMAN,2018
Frutas,Pera,700,10,TUCUMAN,2018
Frutas,Pera,700,10,TUCUMAN,2018
Frutas,Pera,700,10,TUCUMAN,2018
Frutas,Pera,700,10,TUCUMAN,2018
Frutas,Pera,700,10,TUCUMAN,2018
Frutas,Pera,700,10,TUCUMAN,2018
Frutas,Pera,700,10,TUCUMAN,2018
Frutas,Pera,700,10,TUCUMAN,2018
Frutas,Pera,700,10,TUCUMAN,2018
Frutas,Pera,700,10,TUCUMAN,2018
Frutas,Pera,700,10,TUCUMAN,2018
Frutas,Pera,700,10,TUCUMAN,2018
Frutas,Pera,700,10,TUCUMAN,2018
Frutas,Sandia,700,10,TUCUMAN,2018
Frutas,Sandia,700,10,TUCUMAN,2018
Frutas,Sandia,700,10,TUCUMAN,2018
Frutas,Sandia,700,10,TUCUMAN,2018
Frutas,Sandia,700,10,TUCUMAN,2018
Frutas,Sandia,700,10,TUCUMAN,2018
Frutas,Sandia,700,10,TUCUMAN,2018
Frutas,Sandia,700,10,TUCUMAN,2018
Frutas,Sandia,700,10,TUCUMAN,2018
Frutas,Sandia,700,10,TUCUMAN,2018
Frutas,Sandia,700,10,TUCUMAN,2018
Frutas,Sandia,700,10,TUCUMAN,2018
Frutas,Sandia,700,10,TUCUMAN,2018
Frutas,Sandia,700,10,TUCUMAN,2018
Frutas,Sandia,700,10,TUCUMAN,2018
Frutas,Sandia,700,10,TUCUMAN,2018
Frutas,Sandia,700,10,TUCUMAN,2018
Frutas,Sandia,700,10,TUCUMAN,2018
Frutas,Sandia,700,10,TUCUMAN,2018
Frutas,Sandia,700,10,TUCUMAN,2018
Frutas,Sandia,700,10,TUCUMAN,2018
Frutas,Sandia,700,10,TUCUMAN,2018
Frutas,Sandia,700,10,TUCUMAN,2018
Frutas,Sandia,700,10,TUCUMAN,2018
Frutas,Sandia,700,10,TUCUMAN,2018
Frutas,Sandia,700,10,TUCUMAN,2018
Frutas,Sandia,700,10,TUCUMAN,2018
Frutas,Sandia,700,10,TUCUMAN,2018
Frutas,Sandia,700,10,TUCUMAN,2018
Frutas,Sandia,700,10,TUCUMAN,2018
Frutas,Sandia,700,10,TUCUMAN,2018
Frutas,Sandia,700,10,TUCUMAN,2018
Frutas,Sandia,700,10,TUCUMAN,2018
Frutas,Sandia,700,10,TUCUMAN,2018
Frutas,Sandia,700,10,TUCUMAN,2018
Frutas,Sandia,700,10,TUCUMAN,2018
Frutas,Sandia,700,10,TUCUMAN,2018
Frutas,Sandia,700,10,TUCUMAN,2018
Frutas,Sandia,700,10,TUCUMAN,2018
Frutas,Sandia,700,10,TUCUMAN,2018
Frutas,Sandia,700,10,TUCUMAN,2018
Frutas,Sandia,700,10,TUCUMAN,2018
Frutas,Sandia,700,10,TUCUMAN,2018
Frutas,Sandia,700,10,TUCUMAN,2018
Frutas,Sandia,700,10,TUCUMAN,2018
Frutas,Sandia,700,10,TUCUMAN,2018
Frutas,Sandia,700,10,TUCUMAN,2018
Frutas,Sandia,700,10,TUCUMAN,2018
Frutas,Cereza,700,10,TUCUMAN,2018
Frutas,Cereza,700,10,TUCUMAN,2018
Frutas,Cereza,700,10,TUCUMAN,2018
Frutas,Cereza,700,10,TUCUMAN,2018
Frutas,Cereza,700,10,TUCUMAN,2018
Frutas,Cereza,700,10,TUCUMAN,2018
Frutas,Cereza,700,10,TUCUMAN,2018
Frutas,Cereza,700,10,TUCUMAN,2018
Frutas,Cereza,700,10,TUCUMAN,2018
Frutas,Cereza,700,10,TUCUMAN,2018
Frutas,Cereza,700,10,TUCUMAN,2018
Frutas,Cereza,700,10,TUCUMAN,2018
Frutas,Cereza,700,10,TUCUMAN,2018
Frutas,Cereza,700,10,TUCUMAN,2018
Frutas,Cereza,700,10,TUCUMAN,2018
Frutas,Cereza,700,10,TUCUMAN,2018
Frutas,Cereza,700,10,TUCUMAN,2018
Frutas,Cereza,700,10,TUCUMAN,2018
Frutas,Cereza,700,10,TUCUMAN,2018
Frutas,Cereza,700,10,TUCUMAN,2018
Frutas,Cereza,700,10,TUCUMAN,2018
Frutas,Cereza,700,10,TUCUMAN,2018
Frutas,Cereza,700,10,TUCUMAN,2018
Frutas,Cereza,700,10,TUCUMAN,2018
Frutas,Cereza,700,10,TUCUMAN,2018
Frutas,Cereza,700,10,TUCUMAN,2018
Frutas,Cereza,700,10,TUCUMAN,2018
Frutas,Cereza,700,10,TUCUMAN,2018
Frutas,Cereza,700,10,TUCUMAN,2018
Frutas,Cereza,700,10,TUCUMAN,2018
Frutas,Cereza,700,10,TUCUMAN,2018
Frutas,Cereza,700,10,TUCUMAN,2018
Frutas,Cereza,700,10,TUCUMAN,2018
Frutas,Cereza,700,10,TUCUMAN,2018
Frutas,Cereza,700,10,TUCUMAN,2018
Frutas,Cereza,700,10,TUCUMAN,2018
Frutas,Cereza,700,10,TUCUMAN,2018
Frutas,Cereza,700,10,TUCUMAN,2018
Frutas,Cereza,700,10,TUCUMAN,2018
Frutas,Cereza,700,10,TUCUMAN,2018
Frutas,Cereza,700,10,TUCUMAN,2018
Frutas,Cereza,700,10,TUCUMAN,2018
Frutas,Cereza,700,10,TUCUMAN,2018
Frutas,Cereza,700,10,TUCUMAN,2018
Frutas,Cereza,700,10,TUCUMAN,2018
Frutas,Cereza,700,10,TUCUMAN,2018
Frutas,Cereza,700,10,TUCUMAN,2018
Frutas,Cereza,700,10,TUCUMAN,2018
Verduras,Lechuga,700,10,TUCUMAN,2018
Verduras,Lechuga,700,10,TUCUMAN,2018
Verduras,Lechuga,700,10,TUCUMAN,2018
Verduras,Lechuga,700,10,TUCUMAN,2018
Verduras,Lechuga,700,10,TUCUMAN,2018
Verduras,Lechuga,700,10,TUCUMAN,2018
Verduras,Lechuga,700,10,TUCUMAN,2018
Verduras,Lechuga,700,10,TUCUMAN,2018
Verduras,Lechuga,700,10,TUCUMAN,2018
Verduras,Lechuga,700,10,TUCUMAN,2018
Verduras,Lechuga,700,10,TUCUMAN,2018
Verduras,Lechuga,700,10,TUCUMAN,2018
Verduras,Lechuga,700,10,TUCUMAN,2018
Verduras,Lechuga,700,10,TUCUMAN,2018
Verduras,Lechuga,700,10,TUCUMAN,2018
Verduras,Lechuga,700,10,TUCUMAN,2018
Verduras,Lechuga,700,10,TUCUMAN,2018
Verduras,Lechuga,700,10,TUCUMAN,2018
Verduras,Lechuga,700,10,TUCUMAN,2018
Verduras,Lechuga,700,10,TUCUMAN,2018
Verduras,Lechuga,700,10,TUCUMAN,2018
Verduras,Lechuga,700,10,TUCUMAN,2018
Verduras,Lechuga,700,10,TUCUMAN,2018
Verduras,Lechuga,700,10,TUCUMAN,2018
Verduras,Lechuga,700,10,TUCUMAN,2018
Verduras,Lechuga,700,10,TUCUMAN,2018
Verduras,Lechuga,700,10,TUCUMAN,2018
Verduras,Lechuga,700,10,TUCUMAN,2018
Verduras,Lechuga,700,10,TUCUMAN,2018
Verduras,Lechuga,700,10,TUCUMAN,2018
Verduras,Lechuga,700,10,TUCUMAN,2018
Verduras,Lechuga,700,10,TUCUMAN,2018
Verduras,Lechuga,700,10,TUCUMAN,2018
Verduras,Lechuga,700,10,TUCUMAN,2018
Verduras,Lechuga,700,10,TUCUMAN,2018
Verduras,Lechuga,700,10,TUCUMAN,2018
Verduras,Lechuga,700,10,TUCUMAN,2018
Verduras,Lechuga,700,10,TUCUMAN,2018
Verduras,Lechuga,700,10,TUCUMAN,2018
Verduras,Lechuga,700,10,TUCUMAN,2018
Verduras,Lechuga,700,10,TUCUMAN,2018
Verduras,Lechuga,700,10,TUCUMAN,2018
Verduras,Lechuga,700,10,TUCUMAN,2018
Verduras,Lechuga,700,10,TUCUMAN,2018
Verduras,Lechuga,700,10,TUCUMAN,2018
Verduras,Lechuga,700,10,TUCUMAN,2018
Verduras,Lechuga,700,10,TUCUMAN,2018
Verduras,Lechuga,700,10,TUCUMAN,2018
Verduras,Zanahoria,700,10,TUCUMAN,2018
Verduras,Zanahoria,700,10,TUCUMAN,2018
Verduras,Zanahoria,700,10,TUCUMAN,2018
Verduras,Zanahoria,700,10,TUCUMAN,2018
Verduras,Zanahoria,700,10,TUCUMAN,2018
Verduras,Zanahoria,700,10,TUCUMAN,2018
Verduras,Zanahoria,700,10,TUCUMAN,2018
Verduras,Zanahoria,700,10,TUCUMAN,2018
Verduras,Zanahoria,700,10,TUCUMAN,2018
Verduras,Zanahoria,700,10,TUCUMAN,2018
Verduras,Zanahoria,700,10,TUCUMAN,2018
Verduras,Zanahoria,700,10,TUCUMAN,2018
Verduras,Zanahoria,700,10,TUCUMAN,2018
Verduras,Zanahoria,700,10,TUCUMAN,2018
Verduras,Zanahoria,700,10,TUCUMAN,2018
Verduras,Zanahoria,700,10,TUCUMAN,2018
Verduras,Zanahoria,700,10,TUCUMAN,2018
Verduras,Zanahoria,700,10,TUCUMAN,2018
Verduras,Zanahoria,700,10,TUCUMAN,2018
Verduras,Zanahoria,700,10,TUCUMAN,2018
Verduras,Zanahoria,700,10,TUCUMAN,2018
Verduras,Zanahoria,700,10,TUCUMAN,2018
Verduras,Zanahoria,700,10,TUCUMAN,2018
Verduras,Zanahoria,700,10,TUCUMAN,2018
Verduras,Zanahoria,700,10,TUCUMAN,2018
Verduras,Zanahoria,700,10,TUCUMAN,2018
Verduras,Zanahoria,700,10,TUCUMAN,2018
Verduras,Zanahoria,700,10,TUCUMAN,2018
Verduras,Zanahoria,700,10,TUCUMAN,2018
Verduras,Zanahoria,700,10,TUCUMAN,2018
Verduras,Zanahoria,700,10,TUCUMAN,2018
Verduras,Zanahoria,700,10,TUCUMAN,2018
Verduras,Zanahoria,700,10,TUCUMAN,2018
Verduras,Zanahoria,700,10,TUCUMAN,2018
Verduras,Zanahoria,700,10,TUCUMAN,2018
Verduras,Zanahoria,700,10,TUCUMAN,2018
Verduras,Zanahoria,700,10,TUCUMAN,2018
Verduras,Zanahoria,700,10,TUCUMAN,2018
Verduras,Zanahoria,700,10,TUCUMAN,2018
Verduras,Zanahoria,700,10,TUCUMAN,2018
Verduras,Zanahoria,700,10,TUCUMAN,2018
